Workbook

Sheet Sheet2
A4: Sum of Total %(Sum) | B4: Column Labels
A5: Row Labels | B5: 2 | C5: 3 | D5: 4 | E5: 5 | F5: 6 | G5: 7 | H5: 8 | I5: 9 | J5: 10 | K5: 11 | L5: 12 | M5: Grand Total
A6: 1 | B6: 0.027777778 | L6: 0.027777778 | M6: 0.055555556
A7: 2 | C7: 0.055555556 | K7: 0.055555556 | M7: 0.11111111
A8: 3 | D8: 0.083333333 | J8: 0.083333333 | M8: 0.16666667
A9: 4 | E9: 0.11111111 | I9: 0.11111111 | M9: 0.22222222
A10: 5 | F10: 0.13888889 | H10: 0.13888889 | M10: 0.27777778
A11: 6 | G11: 0.16666667 | M11: 0.16666667
A12: Grand Total | B12: 0.027777778 | C12: 0.055555556 | D12: 0.083333333 | E12: 0.11111111 | F12: 0.13888889 | G12: 0.16666667 | H12: 0.13888889 | I12: 0.11111111 | J12: 0.083333333 | K12: 0.055555556 | L12: 0.027777778 | M12: 1

Sheet Zaria
A1: Number | B1: Combinations | C1: Prob% (1) | D1: Prob%(2) | E1: Odds | F1: Total n(6) | H1: Your Hex | I1: Hex 1 | J1: Hex 2 | K1: Enemy Sum | L1: Outcome
A2: 2 | B2: 1 | C2: =1/6 -> 0.16666667 | D2: =1/6 -> 0.16666667 | E2: =(C2*D2)*B2 -> 0.027777778 | F2: 6 | H2: 6 | I2: 9 | J2: 2
A3: 3 | B3: 2 | C3: =1/6 -> 0.16666667 | D3: =1/6 -> 0.16666667 | E3: =(C3*D3)*B3 -> 0.055555556 | F3: 6 | H3: =VLOOKUP(H2,$A$2:$E$12,5,FALSE) -> 0.13888889 | I3: =VLOOKUP(I2,$A$2:$E$12,5,FALSE) -> 0.11111111 | J3: =VLOOKUP(J2,$A$2:$E$12,5,FALSE) -> 0.027777778 | K3: =I3+J3 -> 0.13888889 | L3: {=_xlfn.IFS(H3>K3,"Win",H3<K3,"Kavli", H3=K3,"Even-Win")} -> Even-Win
A4: 4 | B4: 3 | C4: =1/6 -> 0.16666667 | D4: =1/6 -> 0.16666667 | E4: =(C4*D4)*B4 -> 0.083333333 | F4: 6
A5: 5 | B5: 4 | C5: =1/6 -> 0.16666667 | D5: =1/6 -> 0.16666667 | E5: =(C5*D5)*B5 -> 0.11111111 | F5: 6
A6: 6 | B6: 5 | C6: =1/6 -> 0.16666667 | D6: =1/6 -> 0.16666667 | E6: =(C6*D6)*B6 -> 0.13888889 | F6: 6
A7: 7 | B7: 6 | C7: =1/6 -> 0.16666667 | D7: =1/6 -> 0.16666667 | E7: =(C7*D7)*B7 -> 0.16666667 | F7: 6
A8: 8 | B8: 5 | C8: =1/6 -> 0.16666667 | D8: =1/6 -> 0.16666667 | E8: =(C8*D8)*B8 -> 0.13888889 | F8: 6
A9: 9 | B9: 4 | C9: =1/6 -> 0.16666667 | D9: =1/6 -> 0.16666667 | E9: =(C9*D9)*B9 -> 0.11111111 | F9: 6
A10: 10 | B10: 3 | C10: =1/6 -> 0.16666667 | D10: =1/6 -> 0.16666667 | E10: =(C10*D10)*B10 -> 0.083333333 | F10: 6
A11: 11 | B11: 2 | C11: =1/6 -> 0.16666667 | D11: =1/6 -> 0.16666667 | E11: =(C11*D11)*B11 -> 0.055555556 | F11: 6
A12: 12 | B12: 1 | C12: =1/6 -> 0.16666667 | D12: =1/6 -> 0.16666667 | E12: =(C12*D12)*B12 -> 0.027777778 | F12: 6

Sheet App
A1: Number | B1: Odds
A2: =Zaria!A2 -> 2 | B2: =Zaria!E2 -> 0.027777778
A3: =Zaria!A3 -> 3 | B3: =Zaria!E3 -> 0.055555556
A4: =Zaria!A4 -> 4 | B4: =Zaria!E4 -> 0.083333333
A5: =Zaria!A5 -> 5 | B5: =Zaria!E5 -> 0.11111111
A6: =Zaria!A6 -> 6 | B6: =Zaria!E6 -> 0.13888889
A7: =Zaria!A7 -> 7 | B7: =Zaria!E7 -> 0.16666667
A8: =Zaria!A8 -> 8 | B8: =Zaria!E8 -> 0.13888889
A9: =Zaria!A9 -> 9 | B9: =Zaria!E9 -> 0.11111111
A10: =Zaria!A10 -> 10 | B10: =Zaria!E10 -> 0.083333333
A11: =Zaria!A11 -> 11 | B11: =Zaria!E11 -> 0.055555556
A12: =Zaria!A12 -> 12 | B12: =Zaria!E12 -> 0.027777778
